{
  "model": "yolov8n.pt",
  "test_images": 64,
  "test_split": 0.15,
  "iou_threshold": 0.5,
  "mean_precision": 0.060069444444444446,
  "mean_recall": 0.00310159269512297,
  "mean_f1": 0.0057970146365899705,
  "micro_precision": 0.06666666666666667,
  "micro_recall": 0.003861003861003861,
  "micro_f1": 0.0072992700729927
}