{
  "per_iou": {
    "0.5": {
      "precision": 0.9435694432746567,
      "recall": 0.9712180320762895,
      "f1": 0.9571941216678059,
      "mAP": 0.8054001951819502,
      "per_class": {
        "car": {
          "ground_truth": 11444,
          "predictions": 11738,
          "precision": 0.9478616459362753,
          "recall": 0.9722125131073052,
          "f1": 0.9598826675869208,
          "ap": 0.9664314825852001
        },
        "bus": {
          "ground_truth": 56,
          "predictions": 96,
          "precision": 0.4895833333333333,
          "recall": 0.8392857142857143,
          "f1": 0.6184210526315789,
          "ap": 0.6403392439346483
        },
        "truck": {
          "ground_truth": 35,
          "predictions": 39,
          "precision": 0.7692307692307693,
          "recall": 0.8571428571428571,
          "f1": 0.8108108108108107,
          "ap": 0.809429859026002
        }
      }
    },
    "0.55": {
      "precision": 0.9418007243325192,
      "recall": 0.9693974859124403,
      "f1": 0.9553998632946002,
      "mAP": 0.8050409842167604,
      "per_class": {
        "car": {
          "ground_truth": 11444,
          "predictions": 11738,
          "precision": 0.9460725847674221,
          "recall": 0.9703774903879763,
          "f1": 0.9580709170908464,
          "ap": 0.9653538496896307
        },
        "bus": {
          "ground_truth": 56,
          "predictions": 96,
          "precision": 0.4895833333333333,
          "recall": 0.8392857142857143,
          "f1": 0.6184210526315789,
          "ap": 0.6403392439346483
        },
        "truck": {
          "ground_truth": 35,
          "predictions": 39,
          "precision": 0.7692307692307693,
          "recall": 0.8571428571428571,
          "f1": 0.8108108108108107,
          "ap": 0.809429859026002
        }
      }
    },
    "0.6": {
      "precision": 0.9387686347174261,
      "recall": 0.9662765496315562,
      "f1": 0.9523239917976761,
      "mAP": 0.7728906492848583,
      "per_class": {
        "car": {
          "ground_truth": 11444,
          "predictions": 11738,
          "precision": 0.9431760095416596,
          "recall": 0.9674065012233485,
          "f1": 0.9551376067638686,
          "ap": 0.9546534799321419
        },
        "bus": {
          "ground_truth": 56,
          "predictions": 96,
          "precision": 0.4791666666666667,
          "recall": 0.8214285714285714,
          "f1": 0.6052631578947368,
          "ap": 0.6051367855812678
        },
        "truck": {
          "ground_truth": 35,
          "predictions": 39,
          "precision": 0.7435897435897436,
          "recall": 0.8285714285714286,
          "f1": 0.7837837837837838,
          "ap": 0.7588816823411654
        }
      }
    },
    "0.65": {
      "precision": 0.9340520508717257,
      "recall": 0.9614217598612917,
      "f1": 0.9475393028024606,
      "mAP": 0.7494414858857573,
      "per_class": {
        "car": {
          "ground_truth": 11444,
          "predictions": 11738,
          "precision": 0.9384903731470438,
          "recall": 0.9626004893393918,
          "f1": 0.9503925459408161,
          "ap": 0.9525816033237642
        },
        "bus": {
          "ground_truth": 56,
          "predictions": 96,
          "precision": 0.4791666666666667,
          "recall": 0.8214285714285714,
          "f1": 0.6052631578947368,
          "ap": 0.6051367855812678
        },
        "truck": {
          "ground_truth": 35,
          "predictions": 39,
          "precision": 0.717948717948718,
          "recall": 0.8,
          "f1": 0.7567567567567569,
          "ap": 0.6906060687522398
        }
      }
    },
    "0.7": {
      "precision": 0.9228501642381874,
      "recall": 0.9498916341569137,
      "f1": 0.9361756664388243,
      "mAP": 0.7394463991331436,
      "per_class": {
        "car": {
          "ground_truth": 11444,
          "predictions": 11738,
          "precision": 0.9272448457999659,
          "recall": 0.9510660608178958,
          "f1": 0.9390043999654905,
          "ap": 0.9377668010002779
        },
        "bus": {
          "ground_truth": 56,
          "predictions": 96,
          "precision": 0.46875,
          "recall": 0.8035714285714286,
          "f1": 0.5921052631578947,
          "ap": 0.5899663276469133
        },
        "truck": {
          "ground_truth": 35,
          "predictions": 39,
          "precision": 0.717948717948718,
          "recall": 0.8,
          "f1": 0.7567567567567569,
          "ap": 0.6906060687522398
        }
      }
    },
    "0.75": {
      "precision": 0.8990145708750947,
      "recall": 0.9253576072821846,
      "f1": 0.911995898838004,
      "mAP": 0.7260069232912144,
      "per_class": {
        "car": {
          "ground_truth": 11444,
          "predictions": 11738,
          "precision": 0.903135116714943,
          "recall": 0.9263369451240825,
          "f1": 0.9145889051850573,
          "ap": 0.8974483734744899
        },
        "bus": {
          "ground_truth": 56,
          "predictions": 96,
          "precision": 0.46875,
          "recall": 0.8035714285714286,
          "f1": 0.5921052631578947,
          "ap": 0.5899663276469133
        },
        "truck": {
          "ground_truth": 35,
          "predictions": 39,
          "precision": 0.717948717948718,
          "recall": 0.8,
          "f1": 0.7567567567567569,
          "ap": 0.6906060687522398
        }
      }
    },
    "0.8": {
      "precision": 0.8392992504000674,
      "recall": 0.8638925010836584,
      "f1": 0.8514183185235816,
      "mAP": 0.6239811873186182,
      "per_class": {
        "car": {
          "ground_truth": 11444,
          "predictions": 11738,
          "precision": 0.843755324586812,
          "recall": 0.8654316672492136,
          "f1": 0.854456043482012,
          "ap": 0.8092011662914022
        },
        "bus": {
          "ground_truth": 56,
          "predictions": 96,
          "precision": 0.3541666666666667,
          "recall": 0.6071428571428571,
          "f1": 0.4473684210526316,
          "ap": 0.4106547041258745
        },
        "truck": {
          "ground_truth": 35,
          "predictions": 39,
          "precision": 0.6923076923076923,
          "recall": 0.7714285714285715,
          "f1": 0.7297297297297296,
          "ap": 0.652087691538578
        }
      }
    },
    "0.85": {
      "precision": 0.6887054661837784,
      "recall": 0.7088859991330733,
      "f1": 0.6986500341763501,
      "mAP": 0.4117161999034358,
      "per_class": {
        "car": {
          "ground_truth": 11444,
          "predictions": 11738,
          "precision": 0.693133412847163,
          "recall": 0.7109402306885705,
          "f1": 0.7019239064791649,
          "ap": 0.5796121784239272
        },
        "bus": {
          "ground_truth": 56,
          "predictions": 96,
          "precision": 0.19791666666666666,
          "recall": 0.3392857142857143,
          "f1": 0.25,
          "ap": 0.18900916423736727
        },
        "truck": {
          "ground_truth": 35,
          "predictions": 39,
          "precision": 0.5641025641025641,
          "recall": 0.6285714285714286,
          "f1": 0.5945945945945945,
          "ap": 0.466527257049013
        }
      }
    },
    "0.9": {
      "precision": 0.36688284342626126,
      "recall": 0.3776332899869961,
      "f1": 0.37218045112781956,
      "mAP": 0.11972578124328771,
      "per_class": {
        "car": {
          "ground_truth": 11444,
          "predictions": 11738,
          "precision": 0.3698245016186744,
          "recall": 0.37932541069556097,
          "f1": 0.37451470968855144,
          "ap": 0.18257889441124706
        },
        "bus": {
          "ground_truth": 56,
          "predictions": 96,
          "precision": 0.052083333333333336,
          "recall": 0.08928571428571429,
          "f1": 0.06578947368421052,
          "ap": 0.05662423385195663
        },