{
  "per_iou": {
    "0.5": {
      "precision": 0.9444257608878426,
      "recall": 0.9738188123103598,
      "f1": 0.9588970933458535,
      "mAP": 0.7783121942789046,
      "per_class": {
        "car": {
          "ground_truth": 11444,
          "predictions": 11771,
          "precision": 0.9480927703678532,
          "recall": 0.9751835022719328,
          "f1": 0.9614473400818436,
          "ap": 0.9669171083069008
        },
        "bus": {
          "ground_truth": 56,
          "predictions": 83,
          "precision": 0.5542168674698795,
          "recall": 0.8214285714285714,
          "f1": 0.6618705035971223,
          "ap": 0.6556851153986843
        },
        "truck": {
          "ground_truth": 35,
          "predictions": 40,
          "precision": 0.675,
          "recall": 0.7714285714285715,
          "f1": 0.72,
          "ap": 0.7123343591311289
        }
      }
    },
    "0.55": {
      "precision": 0.9427442407936775,
      "recall": 0.9720849588209797,
      "f1": 0.9571898075035213,
      "mAP": 0.7780214674148493,
      "per_class": {
        "car": {
          "ground_truth": 11444,
          "predictions": 11771,
          "precision": 0.9463936793815309,
          "recall": 0.9734358615868577,
          "f1": 0.9597243161748868,
          "ap": 0.9660449277147348
        },
        "bus": {
          "ground_truth": 56,
          "predictions": 83,
          "precision": 0.5542168674698795,
          "recall": 0.8214285714285714,
          "f1": 0.6618705035971223,
          "ap": 0.6556851153986843
        },
        "truck": {
          "ground_truth": 35,
          "predictions": 40,
          "precision": 0.675,
          "recall": 0.7714285714285715,
          "f1": 0.72,
          "ap": 0.7123343591311289
        }
      }
    },
    "0.6": {
      "precision": 0.9403060366571381,
      "recall": 0.9695708712613784,
      "f1": 0.9547142430321397,
      "mAP": 0.7672693906401049,
      "per_class": {
        "car": {
          "ground_truth": 11444,
          "predictions": 11771,
          "precision": 0.9440149520006796,
          "recall": 0.9709891646277525,
          "f1": 0.9573120827051476,
          "ap": 0.9652679954758732
        },
        "bus": {
          "ground_truth": 56,
          "predictions": 83,
          "precision": 0.5421686746987951,
          "recall": 0.8035714285714286,
          "f1": 0.6474820143884893,
          "ap": 0.624205817313313
        },
        "truck": {
          "ground_truth": 35,
          "predictions": 40,
          "precision": 0.675,
          "recall": 0.7714285714285715,
          "f1": 0.72,
          "ap": 0.7123343591311289
        }
      }
    },
    "0.65": {
      "precision": 0.9352614763746426,
      "recall": 0.964369310793238,
      "f1": 0.9495923855051431,
      "mAP": 0.726805512736695,
      "per_class": {
        "car": {
          "ground_truth": 11444,
          "predictions": 11771,
          "precision": 0.939172542689661,
          "recall": 0.9660083886752884,
          "f1": 0.952401464570321,
          "ap": 0.9533278162864193
        },
        "bus": {
          "ground_truth": 56,
          "predictions": 83,
          "precision": 0.5301204819277109,
          "recall": 0.7857142857142857,
          "f1": 0.6330935251798562,
          "ap": 0.6075113767215885
        },
        "truck": {
          "ground_truth": 35,
          "predictions": 40,
          "precision": 0.625,
          "recall": 0.7142857142857143,
          "f1": 0.6666666666666666,
          "ap": 0.6195773452020771
        }
      }
    },
    "0.7": {
      "precision": 0.9248360517908188,
      "recall": 0.9536194191590811,
      "f1": 0.9390072132826839,
      "mAP": 0.7161033533844715,
      "per_class": {
        "car": {
          "ground_truth": 11444,
          "predictions": 11771,
          "precision": 0.9287231331237787,
          "recall": 0.9552603984620762,
          "f1": 0.9418048675425371,
          "ap": 0.9392824177737444
        },
        "bus": {
          "ground_truth": 56,
          "predictions": 83,
          "precision": 0.5180722891566265,
          "recall": 0.7678571428571429,
          "f1": 0.618705035971223,
          "ap": 0.5894502971775932
        },
        "truck": {
          "ground_truth": 35,
          "predictions": 40,
          "precision": 0.625,
          "recall": 0.7142857142857143,
          "f1": 0.6666666666666666,
          "ap": 0.6195773452020771
        }
      }
    },
    "0.75": {
      "precision": 0.899613250378342,
      "recall": 0.9276116168183789,
      "f1": 0.9133979256477017,
      "mAP": 0.6929237629103181,
      "per_class": {
        "car": {
          "ground_truth": 11444,
          "predictions": 11771,
          "precision": 0.9034066774275763,
          "recall": 0.9292205522544564,
          "f1": 0.9161318113288822,
          "ap": 0.8980542110350028
        },
        "bus": {
          "ground_truth": 56,
          "predictions": 83,
          "precision": 0.4939759036144578,
          "recall": 0.7321428571428571,
          "f1": 0.5899280575539567,
          "ap": 0.5611397324938743
        },
        "truck": {
          "ground_truth": 35,
          "predictions": 40,
          "precision": 0.625,
          "recall": 0.7142857142857143,
          "f1": 0.6666666666666666,
          "ap": 0.6195773452020771
        }
      }
    },
    "0.8": {
      "precision": 0.8327728266352783,
      "recall": 0.858690940615518,
      "f1": 0.8455333134149985,
      "mAP": 0.589642420892804,
      "per_class": {
        "car": {
          "ground_truth": 11444,
          "predictions": 11771,
          "precision": 0.8367173562144253,
          "recall": 0.8606256553652569,
          "f1": 0.8485031229808315,
          "ap": 0.8024730132158296
        },
        "bus": {
          "ground_truth": 56,
          "predictions": 83,
          "precision": 0.39759036144578314,
          "recall": 0.5892857142857143,
          "f1": 0.47482014388489213,
          "ap": 0.4234747753935588
        },
        "truck": {
          "ground_truth": 35,
          "predictions": 40,
          "precision": 0.575,
          "recall": 0.6571428571428571,
          "f1": 0.6133333333333333,
          "ap": 0.5429794740690235
        }
      }
    },
    "0.85": {
      "precision": 0.6659660332940979,
      "recall": 0.6866926744690074,
      "f1": 0.676170557855649,
      "mAP": 0.35016240976314505,
      "per_class": {
        "car": {
          "ground_truth": 11444,
          "predictions": 11771,
          "precision": 0.6700365304562059,
          "recall": 0.6891821041593849,
          "f1": 0.6794744777083782,
          "ap": 0.5427821840645204
        },
        "bus": {
          "ground_truth": 56,
          "predictions": 83,
          "precision": 0.21686746987951808,
          "recall": 0.32142857142857145,
          "f1": 0.25899280575539574,
          "ap": 0.18374783755979895
        },
        "truck": {
          "ground_truth": 35,
          "predictions": 40,
          "precision": 0.4,
          "recall": 0.45714285714285713,
          "f1": 0.42666666666666664,
          "ap": 0.3239572076651158
        }
      }
    },
    "0.9": {
      "precision": 0.34530015133680847,
      "recall": 0.3560468140442133,
      "f1": 0.3505911477229075,
      "mAP": 0.08043116420343736,
      "per_class": {
        "car": {
          "ground_truth": 11444,
          "predictions": 11771,
          "precision": 0.34797383399881066,
          "recall": 0.3579168123033904,
          "f1": 0.352875296144734,
          "ap": 0.1675215542290226
        },
        "bus": {
          "ground_truth": 56,
          "predictions": 83,
          "precision": 0.060240963855421686,
          "recall": 0.08928571428571429,
          "f1": 0.07194244604316546,
          "ap": 0.019271570014144267
        },
        "truck": {
          "ground_truth": 35,
          "predictions": 40,
          "precision": 0.15,